,iq_score,creativity_score,logic_score,emotional_intelligence
iq_score,1.0,-0.007975920053681076,-0.06858127899737157,0.01177768258155044
creativity_score,-0.007975920053681076,1.0,-0.21852947241044646,0.008074393527613022
logic_score,-0.06858127899737157,-0.21852947241044646,1.0,0.08239352446076795
emotional_intelligence,0.01177768258155044,0.008074393527613022,0.08239352446076795,1.0
